timestamp,pitch,yaw,roll,accel_x,accel_y,accel_z
3065314,-3.4,0.0,-0.2,0.57,0.00,9.61
3065364,-3.4,0.0,-0.2,0.57,0.00,9.61
3065414,-3.4,0.0,-0.2,0.57,-0.04,9.61
3065464,-3.4,0.0,-0.2,0.57,0.00,9.65
3065514,-3.4,0.0,-0.1,0.57,-0.04,9.61
3065564,-3.4,0.0,-0.1,0.57,-0.04,9.61
3065614,-3.4,0.0,-0.1,0.57,0.00,9.61
3065664,-3.4,0.0,-0.1,0.57,0.00,9.61
3065714,-3.4,0.0,-0.1,0.57,0.00,9.61
3065764,-3.4,0.0,-0.1,0.57,0.00,9.65
3065814,-3.4,0.0,-0.1,0.57,0.00,9.65
3065864,-3.4,0.0,-0.1,0.57,-0.04,9.65
3065914,-3.4,0.0,-0.1,0.57,0.00,9.61
3065964,-3.4,0.0,-0.1,0.57,0.00,9.61
3066014,-3.4,0.0,-0.1,0.57,0.00,9.61
3066064,-3.4,0.0,-0.1,0.57,0.00,9.65
3066114,-3.4,0.0,-0.1,0.57,0.00,9.61
3066164,-3.4,0.0,-0.1,0.57,0.00,9.61
3066214,-3.4,0.0,-0.1,0.57,0.00,9.61
3066264,-3.4,0.0,-0.1,0.57,0.00,9.61
3066314,-3.4,0.0,-0.1,0.57,0.00,9.61
3066364,-3.4,0.0,-0.1,0.57,0.00,9.61
3066414,-3.4,0.0,-0.1,0.57,0.00,9.65
3066464,-3.4,0.0,-0.1,0.57,-0.04,9.61
3066514,-3.4,0.0,-0.1,0.57,0.00,9.61
3066564,-3.4,0.0,-0.1,0.57,0.00,9.65
3066614,-3.4,0.0,-0.1,0.57,-0.04,9.65
3066664,-3.4,0.0,-0.1,0.57,0.00,9.65
3066714,-3.4,0.0,-0.1,0.57,0.00,9.65
3066764,-3.4,0.0,-0.1,0.57,0.00,9.61
3066814,-3.4,0.0,-0.1,0.57,0.00,9.61
3066864,-3.4,0.0,-0.1,0.57,0.00,9.61
3066914,-3.4,0.0,-0.1,0.57,-0.04,9.61
3066964,-3.4,0.0,-0.1,0.57,-0.04,9.61
3067014,-3.4,0.0,-0.1,0.57,0.00,9.61
3067064,-3.4,0.0,-0.1,0.57,0.00,9.65
3067114,-3.4,0.0,-0.1,0.57,-0.04,9.65
3067164,-3.4,0.0,-0.1,0.57,0.00,9.61
3067214,-3.4,0.0,-0.1,0.57,-0.04,9.61
3067264,-3.4,0.0,-0.1,0.57,0.00,9.61
3067314,-3.4,0.0,-0.1,0.61,-0.04,9.65
3067364,-3.4,0.0,-0.1,0.57,0.00,9.61
3067414,-3.4,0.0,-0.1,0.57,0.00,9.61
3067464,-3.4,0.0,-0.1,0.61,0.00,9.61
3067514,-3.4,0.0,-0.1,0.57,-0.04,9.61
3067564,-3.4,0.0,-0.1,0.57,-0.04,9.61
3067614,-3.4,0.0,-0.1,0.57,0.00,9.61
3067664,-3.4,0.0,-0.1,0.57,0.00,9.61
3067714,-3.4,0.0,-0.1,0.57,0.00,9.65
3067764,-3.4,0.0,-0.1,0.57,0.00,9.65
3067814,-3.4,0.0,-0.1,0.57,0.00,9.65
3067864,-3.4,0.0,-0.1,0.57,0.00,9.65
3067914,-3.4,0.0,-0.1,0.57,0.00,9.61
3067964,-3.4,0.0,-0.1,0.57,0.00,9.61
3068014,-3.4,0.0,-0.1,0.57,0.00,9.65
3068064,-3.4,0.0,-0.1,0.57,0.00,9.65
3068114,-3.4,0.0,-0.1,0.57,0.00,9.61
3068164,-3.4,0.0,-0.1,0.57,0.00,9.65
3068214,-3.4,0.0,-0.1,0.57,0.00,9.65
3068264,-3.4,0.0,-0.1,0.57,0.00,9.61
3068314,-3.4,0.0,-0.1,0.57,0.00,9.65
3068364,-3.4,0.0,-0.1,0.57,0.00,9.61
3068414,-3.4,0.0,-0.1,0.57,-0.04,9.61
3068464,-3.4,0.0,-0.1,0.57,0.00,9.61
3068514,-3.4,0.0,-0.1,0.57,0.00,9.61
3068564,-3.4,0.0,-0.1,0.57,-0.04,9.61
3068614,-3.4,0.0,-0.1,0.61,0.00,9.65
3068664,-3.4,0.0,-0.1,0.61,0.00,9.65
3068714,-3.4,0.0,-0.1,0.57,0.00,9.61
3068764,-3.4,0.0,-0.1,0.57,-0.04,9.61
3068814,-3.4,0.0,-0.1,0.61,-0.04,9.65
3068864,-3.4,0.0,-0.1,0.65,0.00,9.65
3068914,-3.5,0.0,-0.1,0.57,-0.04,9.61
3068964,-3.5,0.0,-0.1,0.61,0.00,9.65
3069014,-3.5,0.0,-0.1,0.61,0.00,9.65
3069064,-3.5,0.0,-0.1,0.57,-0.04,9.65
3069114,-3.5,0.0,-0.1,0.57,-0.04,9.61
3069164,-3.5,0.0,-0.1,0.57,0.00,9.65
3069214,-3.5,0.0,-0.1,0.57,0.00,9.61
3069264,-3.5,0.0,-0.1,0.57,-0.04,9.65
3069314,-3.5,0.1,-0.1,0.61,0.00,9.65
3069364,-3.5,0.1,-0.1,0.57,0.00,9.65
3069414,-3.5,0.1,-0.1,0.57,-0.04,9.61
3069464,-3.5,0.1,-0.1,0.61,0.00,9.65
3069514,-3.5,0.1,-0.1,0.57,-0.04,9.65
3069564,-3.5,0.1,-0.1,0.57,0.00,9.65
3069614,-3.5,0.1,-0.1,0.57,-0.04,9.61
3069664,-3.5,0.1,-0.1,0.57,0.00,9.61
3069714,-3.5,0.0,-0.1,0.57,0.00,9.65
3069764,-3.5,0.0,-0.1,0.57,-0.04,9.61
3069814,-3.5,0.0,-0.1,0.57,0.00,9.61
3069864,-3.5,0.0,-0.1,0.57,-0.04,9.61
3069914,-3.5,0.0,-0.1,0.57,0.00,9.65
3069964,-3.5,0.0,-0.1,0.57,0.00,9.61
3070014,-3.5,0.0,-0.1,0.57,0.00,9.65
3070064,-3.5,0.0,-0.1,0.57,0.00,9.61
3070114,-3.5,0.0,-0.1,0.57,-0.04,9.61
3070164,-3.5,0.0,-0.1,0.57,0.00,9.61
3070214,-3.5,0.0,-0.1,0.57,0.00,9.65
3070264,-3.5,0.0,-0.1,0.57,0.00,9.61
3070314,-3.5,0.0,-0.1,0.57,0.00,9.65
3070364,-3.5,0.0,-0.1,0.57,0.00,9.65
3070414,-3.5,0.0,-0.1,0.57,-0.04,9.61
3070464,-3.5,0.0,-0.1,0.57,0.00,9.65
3070514,-3.4,0.0,-0.1,0.57,0.00,9.61
3070564,-3.4,0.0,-0.1,0.57,0.00,9.61
3070614,-3.4,0.0,-0.1,0.57,0.00,9.61
3070664,-3.4,0.0,-0.1,0.57,0.00,9.65
3070714,-3.4,0.1,-0.1,0.57,0.00,9.65
3070764,-3.4,0.1,-0.1,0.57,0.00,9.65
3070814,-3.4,0.1,-0.1,0.57,0.00,9.61
3070864,-3.4,0.1,-0.1,0.57,-0.04,9.65
3070914,-3.4,0.1,-0.1,0.57,0.00,9.61
3070964,-3.4,0.1,-0.1,0.57,0.00,9.61
3071014,-3.4,0.1,-0.1,0.57,-0.04,9.61
3071064,-3.4,0.1,-0.1,0.57,0.00,9.65
3071114,-3.4,0.1,-0.1,0.57,0.00,9.61
3071164,-3.4,0.1,-0.1,0.57,0.00,9.65
3071214,-3.4,0.1,-0.1,0.57,-0.04,9.61
3071264,-3.4,0.1,-0.1,0.57,0.00,9.65
3071314,-3.4,0.1,-0.1,0.57,-0.04,9.61
3071364,-3.4,0.1,-0.1,0.57,0.00,9.65
3071414,-3.4,0.1,-0.1,0.57,0.00,9.61
3071464,-3.4,0.1,-0.1,0.57,0.00,9.61
3071514,-3.4,0.1,-0.1,0.57,-0.04,9.61
3071564,-3.4,0.1,-0.1,0.57,-0.04,9.65
3071614,-3.4,0.1,-0.1,0.57,0.00,9.61
3071664,-3.4,0.1,-0.1,0.57,0.00,9.61
3071714,-3.4,0.0,-0.1,0.57,0.00,9.61
3071764,-3.4,0.0,-0.1,0.57,0.00,9.65
3071814,-3.4,0.1,-0.1,0.57,0.00,9.61
3071864,-3.4,0.1,-0.1,0.57,0.00,9.65
3071914,-3.4,0.1,-0.1,0.57,-0.04,9.61
3071964,-3.4,0.1,-0.1,0.57,0.00,9.65
3072014,-3.4,0.1,-0.1,0.61,0.00,9.61
3072064,-3.4,0.1,-0.1,0.57,-0.04,9.65
3072114,-3.4,0.1,-0.1,0.54,-0.04,9.61
3072164,-3.4,0.1,-0.1,0.57,0.00,9.65
3072214,-3.4,0.1,-0.1,0.57,0.00,9.61
3072264,-3.4,0.1,-0.1,0.57,0.00,9.65
3072314,-3.4,0.1,-0.1,0.57,-0.04,9.61
3072364,-3.4,0.1,-0.1,0.57,0.00,9.61
3072414,-3.4,0.1,-0.1,0.57,0.00,9.61
3072464,-3.4,0.1,-0.1,0.57,-0.04,9.65
3072514,-3.4,0.1,-0.1,0.57,0.00,9.65
3072564,-3.4,0.1,-0.1,0.57,0.00,9.61
3072614,-3.4,0.1,-0.1,0.57,0.00,9.65
3072664,-3.4,0.1,-0.1,0.57,0.00,9.61
3072714,-3.4,0.1,-0.1,0.57,-0.04,9.61
3072764,-3.4,0.1,-0.1,0.57,0.00,9.65
3072814,-3.4,0.1,-0.1,0.57,0.00,9.65
3072864,-3.4,0.1,-0.1,0.57,0.00,9.65
3072914,-3.4,0.1,-0.1,0.57,0.00,9.65
3072964,-3.4,0.1,-0.1,0.57,0.00,9.65
3073014,-3.4,0.1,-0.1,0.57,-0.04,9.61
3073064,-3.4,0.1,-0.1,0.57,0.00,9.65
3073114,-3.4,0.1,-0.1,0.57,0.00,9.61
3073164,-3.4,0.1,-0.1,0.57,-0.04,9.65
3073214,-3.4,0.1,-0.1,0.57,0.00,9.61
3073264,-3.4,0.1,-0.1,0.57,0.00,9.61
3073314,-3.4,0.1,-0.1,0.57,-0.04,9.65
3073364,-3.4,0.1,-0.1,0.61,0.00,9.61
3073414,-3.4,0.1,-0.1,0.57,0.00,9.61
3073464,-3.4,0.1,-0.1,0.57,0.00,9.65
3073514,-3.4,0.1,-0.1,0.57,0.00,9.61
3073564,-3.4,0.1,-0.1,0.57,0.00,9.65
3073614,-3.4,0.1,-0.1,0.57,0.00,9.65
3073664,-3.4,0.1,-0.1,0.57,0.00,9.65
3073714,-3.4,0.1,-0.1,0.57,-0.04,9.61
3073764,-3.4,0.1,-0.1,0.57,0.00,9.65
3073814,-3.4,0.1,-0.1,0.57,0.00,9.61
3073864,-3.4,0.1,-0.1,0.57,-0.04,9.65
3073914,-3.4,0.1,-0.1,0.57,0.00,9.65
3073964,-3.4,0.1,-0.1,0.57,0.00,9.65
3074014,-3.4,0.1,-0.1,0.57,0.00,9.61
3074064,-3.4,0.1,-0.1,0.57,0.00,9.65
3074114,-3.4,0.1,-0.1,0.57,-0.04,9.61
3074164,-3.4,0.1,-0.1,0.57,0.00,9.61
3074214,-3.4,0.1,-0.1,0.57,-0.04,9.65
3074264,-3.4,0.1,-0.1,0.57,-0.04,9.65
3074314,-3.4,0.1,-0.1,0.57,-0.04,9.61
3074364,-3.4,0.1,-0.1,0.57,0.00,9.61
3074414,-3.4,0.1,-0.1,0.57,0.00,9.61
3074464,-3.4,0.1,-0.1,0.57,0.00,9.65
3074514,-3.4,0.1,-0.1,0.57,-0.04,9.61
3074564,-3.4,0.1,-0.1,0.57,-0.04,9.61
3074614,-3.4,0.1,-0.1,0.57,0.00,9.61
3074664,-3.4,0.1,-0.1,0.57,-0.04,9.61
3074714,-3.4,0.1,-0.1,0.57,-0.04,9.61
3074764,-3.4,0.1,-0.1,0.57,0.00,9.61
3074814,-3.4,0.1,-0.1,0.57,0.00,9.61
3074864,-3.4,0.1,-0.1,0.57,-0.04,9.61
3074914,-3.4,0.1,-0.1,0.57,-0.04,9.65
3074964,-3.4,0.1,-0.1,0.57,-0.08,9.65
3075014,-3.4,0.1,-0.1,0.57,-0.04,9.61
3075064,-3.4,0.1,-0.1,0.57,-0.04,9.61
3075114,-3.4,0.2,-0.1,0.57,0.00,9.61
3075164,-3.4,0.2,-0.1,0.57,-0.04,9.65
3075214,-3.4,0.2,-0.1,0.57,0.00,9.61
3075264,-3.4,0.2,-0.1,0.57,0.00,9.65
3075314,-3.4,0.2,-0.1,0.61,0.04,9.65
3075364,-3.4,0.2,-0.1,0.57,-0.11,9.65
3075414,-3.4,0.1,0.1,0.57,0.00,9.61
3075464,-3.4,0.1,0.1,0.57,0.08,9.65
3075514,-3.4,0.0,0.2,0.57,0.08,9.65
3075564,-3.4,0.0,0.2,0.57,-0.08,9.61
3075614,-3.3,-0.0,0.2,0.57,0.11,9.65
3075664,-3.3,-0.0,0.2,0.57,0.04,9.61
3075714,-3.3,-0.0,0.1,0.54,0.04,9.65
3075764,-3.3,-0.0,0.1,0.57,0.04,9.65
3075814,-3.3,0.0,0.1,0.57,0.04,9.61
3075864,-3.3,0.0,0.1,0.54,0.04,9.65
3075914,-3.3,-0.0,0.1,0.54,0.00,9.61
3075964,-3.3,-0.0,0.1,0.54,0.00,9.65
3076014,-3.3,-0.0,0.2,0.57,0.00,9.65
3076064,-3.3,-0.0,0.2,0.57,0.08,9.61
3076114,-3.3,0.0,0.2,0.54,-0.08,9.69
3076164,-3.3,0.0,0.2,0.54,0.04,9.73
3076214,-3.0,0.1,0.1,0.54,-0.15,9.61
3076264,-3.0,0.1,0.1,0.27,-0.54,9.69
3076314,-2.5,-0.0,-0.7,0.00,0.19,9.81
3076364,-2.5,-0.0,-0.7,-0.11,-0.08,9.77
3076414,-1.6,-0.5,0.2,-0.19,0.08,9.77
3076464,-1.6,-0.5,0.2,-0.23,-0.04,9.65
3076514,-2.3,-0.6,-0.0,-0.23,-0.46,10.11
3076564,-2.3,-0.6,-0.0,-0.34,-0.38,10.03
3076614,-3.2,-0.4,-0.6,-0.08,-0.11,9.54
3076664,-3.2,-0.4,-0.6,0.11,-0.08,9.50
3076714,-3.8,-0.0,-0.9,0.46,-0.15,9.80
3076764,-3.8,-0.0,-0.9,0.61,-0.19,9.54
3076814,-4.2,0.7,-1.2,0.57,-0.08,9.96
3076864,-4.2,0.7,-1.2,0.73,-0.08,9.73
3076914,-4.5,1.3,-1.1,0.80,0.00,9.27
3076964,-4.5,1.3,-1.1,1.00,-0.11,9.58
3077014,-4.0,1.7,-0.8,1.04,0.42,9.69
3077064,-4.0,1.7,-0.8,0.77,0.46,9.81
3077114,-3.2,2.0,-0.3,0.80,0.88,9.61
3077164,-3.2,2.0,-0.3,0.88,0.88,9.61
3077214,-3.1,3.3,-0.0,0.69,0.80,9.27
3077264,-3.1,3.3,-0.0,0.92,0.84,9.35
3077314,-3.4,5.4,0.2,1.00,0.92,9.35
3077364,-3.4,5.4,0.2,1.27,0.61,9.84
3077414,-3.2,8.2,0.0,1.27,0.88,9.88
3077464,-3.2,8.2,0.0,1.38,-0.15,9.96
3077514,-3.9,10.8,-0.7,1.76,-0.69,9.81
3077564,-3.9,10.8,-0.7,1.84,-0.54,9.58
3077614,-4.5,12.1,-0.2,1.88,0.23,9.96
3077664,-4.5,12.1,-0.2,1.68,0.34,9.43
3077714,-5.1,12.6,-0.2,1.72,0.19,9.58
3077764,-5.1,12.6,-0.2,1.61,0.15,9.81
3077814,-5.0,12.8,-0.3,1.53,0.00,9.73
3077864,-5.0,12.8,-0.3,1.49,0.08,9.69
3077914,-5.6,13.0,-0.5,1.57,-0.54,9.73
3077964,-5.6,13.0,-0.5,1.53,-0.30,9.65
3078014,-6.4,12.9,-0.1,1.57,-0.54,9.46
3078064,-6.4,12.9,-0.1,1.57,-0.50,8.70
3078114,-7.1,12.4,-0.2,1.42,-0.27,8.81
3078164,-7.1,12.4,-0.2,1.07,-0.54,8.82
3078214,-7.2,12.6,-2.1,1.00,-1.11,9.58
3078264,-7.2,12.6,-2.1,0.96,-0.77,10.23
3078314,-6.4,12.4,-3.5,1.23,-1.42,10.00
3078364,-6.4,12.4,-3.5,1.15,-0.84,10.34
3078414,-6.5,11.8,-4.2,1.23,-0.80,9.61
3078464,-6.5,11.8,-4.2,1.42,-0.69,9.16
3078514,-7.0,11.9,-5.2,1.15,-0.61,9.46
3078564,-7.0,11.9,-5.2,1.07,-0.46,9.34
3078614,-6.6,12.1,-4.8,0.73,-1.04,9.39
3078664,-6.6,12.1,-4.8,0.57,-1.27,9.65
3078714,-6.4,11.6,-3.9,0.65,-1.11,9.34
3078764,-6.4,11.6,-3.9,0.61,-1.57,9.61
3078814,-5.8,10.3,-3.7,0.50,-1.38,9.65
3078864,-5.8,10.3,-3.7,0.46,-1.15,9.31
3078914,-5.5,7.7,-3.5,0.42,-1.11,9.85
3078964,-5.5,7.7,-3.5,0.27,-0.77,9.61
3079014,-4.7,4.7,-3.4,0.38,-0.57,10.07
3079064,-4.7,4.7,-3.4,0.23,-0.84,10.19
3079114,-3.9,2.6,-3.9,0.34,-0.73,9.80
3079164,-3.9,2.6,-3.9,0.34,-1.00,9.80
3079214,-3.8,0.4,-4.0,0.30,-1.49,10.07
3079264,-3.8,0.4,-4.0,0.23,-0.96,9.31
3079314,-4.8,-2.8,-4.2,0.34,-0.61,9.58
3079364,-4.8,-2.8,-4.2,0.15,-0.61,9.89
3079414,-5.5,-6.0,-3.9,0.27,-0.46,9.54
3079464,-5.5,-6.0,-3.9,0.30,-0.42,9.92
3079514,-6.4,-8.5,-3.8,0.50,-1.00,9.42
3079564,-6.4,-8.5,-3.8,0.42,-0.50,9.31
3079614,-7.1,-11.0,-3.8,0.46,-0.65,9.27
3079664,-7.1,-11.0,-3.8,0.57,-0.88,9.16
3079714,-6.9,-13.6,-3.6,0.61,-0.38,9.85
3079764,-6.9,-13.6,-3.6,0.54,-0.38,10.07
3079814,-7.5,-15.7,-3.6,0.80,0.27,9.73
3079864,-7.5,-15.7,-3.6,0.80,0.27,9.73
3079914,-8.8,-17.1,-3.9,1.15,-0.38,9.58
3079964,-8.8,-17.1,-3.9,1.19,-0.30,9.73
3080014,-9.8,-18.0,-3.8,1.23,-0.34,9.65
3080064,-9.8,-18.0,-3.8,1.27,-0.57,9.42
3080114,-9.8,-18.8,-3.2,1.04,-0.50,9.16
3080164,-9.8,-18.8,-3.2,1.15,-0.15,9.12
3080214,-8.6,-19.6,-2.6,0.84,0.27,9.80
3080264,-8.6,-19.6,-2.6,0.80,0.38,9.84
3080314,-6.6,-19.5,-2.6,0.69,0.61,10.23
3080364,-6.6,-19.5,-2.6,0.77,0.61,10.31
3080414,-5.5,-17.3,-2.3,0.77,-0.04,9.27
3080464,-5.5,-17.3,-2.3,0.77,0.00,9.84
3080514,-4.3,-13.7,-2.0,0.69,-0.38,9.61
3080564,-4.3,-13.7,-2.0,0.84,0.30,9.43
3080614,-3.7,-9.7,-1.2,0.73,1.04,9.42
3080664,-3.7,-9.7,-1.2,0.69,1.07,9.69
3080714,-2.9,-4.5,-0.2,0.65,1.07,9.61
3080764,-2.9,-4.5,-0.2,0.77,0.77,9.58
3080814,-2.1,1.1,1.8,1.11,0.50,10.31
3080864,-2.1,1.1,1.8,1.04,1.04,10.07
3080914,-1.7,5.9,3.9,1.38,0.38,10.00
3080964,-1.7,5.9,3.9,1.23,0.50,10.27
3081014,-1.7,9.6,5.4,1.27,0.73,9.20
3081064,-1.7,9.6,5.4,1.15,0.73,9.50
3081114,-2.7,12.8,5.5,1.57,0.80,8.43
3081164,-2.7,12.8,5.5,1.19,0.96,9.61
3081214,-2.9,15.4,5.0,1.84,0.19,9.43
3081264,-2.9,15.4,5.0,1.49,0.27,10.65
3081314,-3.1,17.4,4.4,1.46,0.34,10.57
3081364,-3.1,17.4,4.4,1.04,0.00,9.04
3081414,-4.1,18.4,4.3,0.73,0.27,10.00
3081464,-4.1,18.4,4.3,1.07,-0.46,9.46
3081514,-5.0,18.1,5.3,0.84,0.30,9.34
3081564,-5.0,18.1,5.3,0.96,-0.15,9.27
3081614,-5.2,16.8,5.0,0.88,0.69,9.73
3081664,-5.2,16.8,5.0,0.92,-0.19,9.23
3081714,-5.6,15.7,4.3,0.88,-0.46,9.20
3081764,-5.6,15.7,4.3,0.69,-0.11,9.58
3081814,-5.8,13.9,3.7,0.73,-0.50,9.04
3081864,-5.8,13.9,3.7,0.57,0.11,9.38
3081914,-5.6,11.6,2.9,0.50,0.08,9.23
3081964,-5.6,11.6,2.9,0.46,0.04,9.42
3082014,-4.9,9.1,1.6,0.46,-0.92,10.07
3082064,-4.9,9.1,1.6,0.19,-0.96,10.84
3082114,-4.6,6.1,-1.4,0.34,-0.73,9.50
3082164,-4.6,6.1,-1.4,0.15,-0.73,9.50
3082214,-4.5,3.0,-2.7,-0.23,-0.46,10.15
3082264,-4.5,3.0,-2.7,-0.15,-0.50,9.61
3082314,-5.1,-0.3,-3.4,-0.04,-0.27,9.73
3082364,-5.1,-0.3,-3.4,0.15,-1.65,9.08
3082414,-5.5,-3.7,-3.8,0.15,-1.30,9.93
3082464,-5.5,-3.7,-3.8,0.04,-1.46,9.77
3082514,-6.9,-8.2,-3.6,0.38,-1.11,9.43
3082564,-6.9,-8.2,-3.6,0.34,-0.50,9.42
3082614,-8.2,-12.9,-3.1,0.57,-0.84,9.12
3082664,-8.2,-12.9,-3.1,0.50,-0.50,9.30
3082714,-8.2,-17.5,-2.2,0.54,-0.04,9.65
3082764,-8.2,-17.5,-2.2,0.61,-0.80,9.54
3082814,-7.6,-21.5,-1.8,0.54,-0.15,9.69
3082864,-7.6,-21.5,-1.8,0.65,-0.50,9.80
3082914,-7.6,-25.0,-1.2,0.54,0.46,9.65
3082964,-7.6,-25.0,-1.2,0.73,0.15,9.80
3083014,-8.3,-27.5,-0.7,0.77,0.77,9.04
3083064,-8.3,-27.5,-0.7,1.00,0.88,9.12
3083114,-8.8,-28.6,-0.8,1.07,1.07,9.04
3083164,-8.8,-28.6,-0.8,0.80,0.84,9.65
3083214,-8.3,-28.0,-0.5,0.77,0.77,9.65
3083264,-8.3,-28.0,-0.5,0.88,0.42,9.31
3083314,-8.1,-25.4,-0.8,1.00,1.04,9.39
3083364,-8.1,-25.4,-0.8,0.88,1.15,9.65
3083414,-6.9,-21.2,-0.5,0.92,1.38,9.73
3083464,-6.9,-21.2,-0.5,0.84,1.76,9.27
3083514,-6.0,-14.4,-0.3,1.23,0.23,10.31
3083564,-6.0,-14.4,-0.3,1.57,0.50,9.54
3083614,-5.9,-7.1,0.2,2.03,-0.04,9.50
3083664,-5.9,-7.1,0.2,2.41,-0.80,9.69
3083714,-5.4,-0.9,2.3,2.22,0.08,9.73
3083764,-5.4,-0.9,2.3,2.61,-1.27,10.07
3083814,-5.7,3.6,2.7,2.41,-0.73,9.54
3083864,-5.7,3.6,2.7,2.11,-0.69,10.11
3083914,-6.2,6.3,2.4,1.72,-0.92,9.73
3083964,-6.2,6.3,2.4,1.07,0.57,9.73
3084014,-6.4,7.6,1.9,0.69,0.42,9.58
3084064,-6.4,7.6,1.9,0.50,0.08,9.42
3084114,-6.4,9.0,1.2,0.27,0.46,9.08
3084164,-6.4,9.0,1.2,0.27,-0.04,9.39
3084214,-5.6,10.0,0.6,0.23,-0.34,9.69
3084264,-5.6,10.0,0.6,0.23,0.11,9.77
3084314,-4.5,10.1,0.1,0.19,-0.19,9.77
3084364,-4.5,10.1,0.1,0.34,0.30,9.69
3084414,-3.4,9.9,-0.2,0.50,0.00,10.15
3084464,-3.4,9.9,-0.2,0.38,0.38,9.58
3084514,-1.7,10.1,-0.8,0.04,-0.30,9.27
3084564,-1.7,10.1,-0.8,0.46,-0.19,9.81
3084614,-3.5,10.0,0.2,1.27,-0.04,11.15
3084664,-3.5,10.0,0.2,0.57,-0.04,9.54
3084714,-3.6,10.0,-0.2,0.61,0.04,9.65
3084764,-3.6,10.0,-0.2,0.61,0.04,9.65
3084814,-3.6,10.0,-0.2,0.61,0.00,9.61
3084864,-3.6,10.0,-0.2,0.61,0.00,9.61
3084914,-3.7,10.0,-0.2,0.61,0.00,9.65
3084964,-3.7,10.0,-0.2,0.61,0.00,9.65
3085014,-3.7,10.0,-0.2,0.61,0.00,9.61
3085064,-3.7,10.0,-0.2,0.61,0.00,9.65
3085114,-3.7,10.0,-0.2,0.61,0.00,9.61
3085164,-3.7,10.0,-0.2,0.61,0.00,9.61
3085214,-3.7,10.0,-0.2,0.61,0.00,9.61
3085264,-3.7,10.0,-0.2,0.61,0.00,9.61
3085314,-3.7,10.0,-0.2,0.61,0.00,9.61
3085364,-3.7,10.0,-0.2,0.61,0.00,9.61
3085414,-3.7,10.0,-0.1,0.61,0.00,9.61
3085464,-3.7,10.0,-0.1,0.61,0.00,9.61
3085514,-3.6,10.0,-0.1,0.61,0.00,9.65
3085564,-3.6,10.0,-0.1,0.61,0.00,9.61
3085614,-3.6,10.0,-0.1,0.61,0.00,9.61
3085664,-3.6,10.0,-0.1,0.61,0.00,9.61
3085714,-3.6,10.0,-0.1,0.61,0.00,9.61
3085764,-3.6,10.0,-0.1,0.61,0.00,9.65
3085814,-3.6,10.0,-0.1,0.61,0.00,9.61
3085864,-3.6,10.0,-0.1,0.61,0.00,9.65
3085914,-3.6,10.0,-0.1,0.61,0.00,9.61
3085964,-3.6,10.0,-0.1,0.61,0.00,9.65
3086014,-3.6,10.0,-0.1,0.61,0.00,9.61
3086064,-3.6,10.0,-0.1,0.61,0.00,9.61
3086114,-3.6,10.0,-0.1,0.61,0.00,9.61
3086164,-3.6,10.0,-0.1,0.61,0.00,9.65
3086214,-3.6,10.0,-0.1,0.61,0.00,9.61
3086264,-3.6,10.0,-0.1,0.61,0.00,9.61
3086314,-3.6,10.0,-0.1,0.61,0.00,9.61
3086364,-3.6,10.0,-0.1,0.61,0.00,9.61
3086414,-3.6,10.0,-0.1,0.61,0.00,9.61
3086464,-3.6,10.0,-0.1,0.61,0.00,9.61
3086514,-3.6,10.0,-0.1,0.61,0.04,9.61
3086564,-3.6,10.0,-0.1,0.61,0.00,9.61
3086614,-3.6,10.0,-0.1,0.61,0.00,9.61
3086664,-3.6,10.0,-0.1,0.61,0.00,9.61
3086714,-3.6,10.0,-0.0,0.61,0.00,9.65
3086764,-3.6,10.0,-0.0,0.61,0.00,9.65
3086814,-3.6,10.0,-0.0,0.61,0.00,9.61
3086864,-3.6,10.0,-0.0,0.61,0.00,9.61
3086914,-3.6,10.0,-0.0,0.61,0.00,9.61
3086964,-3.6,10.0,-0.0,0.61,0.00,9.61
3087014,-3.6,10.0,-0.0,0.61,0.00,9.61
3087064,-3.6,10.0,-0.0,0.61,0.00,9.65
3087114,-3.6,10.0,-0.0,0.61,0.00,9.65
3087164,-3.6,10.0,-0.0,0.61,0.00,9.65
3087214,-3.6,10.0,-0.0,0.61,0.00,9.61
3087264,-3.6,10.0,-0.0,0.61,0.00,9.61
3087314,-3.6,10.0,-0.0,0.61,0.00,9.61
3087364,-3.6,10.0,-0.0,0.61,0.00,9.65
3087414,-3.6,10.0,-0.0,0.61,0.00,9.65
3087464,-3.6,10.0,-0.0,0.61,0.00,9.61
3087514,-3.6,10.0,-0.0,0.61,0.00,9.61
3087564,-3.6,10.0,-0.0,0.61,0.00,9.65
3087614,-3.6,10.0,-0.0,0.61,0.00,9.61
3087664,-3.6,10.0,-0.0,0.61,0.00,9.61
3087714,-3.6,10.0,-0.0,0.61,0.00,9.65
3087764,-3.6,10.0,-0.0,0.61,0.00,9.61
3087814,-3.6,10.0,-0.0,0.61,0.00,9.61
3087864,-3.6,10.0,-0.0,0.61,0.00,9.61
3087914,-3.6,10.0,-0.0,0.61,0.00,9.61
3087964,-3.6,10.0,-0.0,0.61,0.00,9.61
3088014,-3.6,10.0,-0.0,0.61,0.00,9.65
3088064,-3.6,10.0,-0.0,0.61,0.00,9.65
3088114,-3.6,10.0,-0.0,0.61,0.00,9.61
3088164,-3.6,10.0,-0.0,0.61,0.00,9.65
3088214,-3.6,10.0,-0.0,0.61,0.00,9.65
3088264,-3.6,10.0,-0.0,0.61,0.00,9.61
3088314,-3.6,10.0,-0.0,0.61,0.00,9.61
3088364,-3.6,10.0,-0.0,0.61,0.00,9.61
3088414,-3.6,10.0,-0.0,0.61,0.00,9.61
3088464,-3.6,10.0,-0.0,0.61,0.00,9.61
3088514,-3.6,10.0,-0.0,0.57,0.00,9.65
3088564,-3.6,10.0,-0.0,0.61,0.00,9.61
3088614,-3.6,10.0,-0.0,0.61,0.00,9.61
3088664,-3.6,10.0,-0.0,0.61,0.00,9.61
3088714,-3.6,10.0,-0.0,0.61,0.00,9.61
3088764,-3.6,10.0,-0.0,0.61,0.00,9.65
3088814,-3.6,10.0,-0.0,0.61,0.00,9.61
3088864,-3.6,10.0,-0.0,0.61,0.04,9.61
3088914,-3.6,10.0,-0.0,0.61,0.00,9.61
3088964,-3.6,10.0,-0.0,0.61,0.00,9.61
3089014,-3.6,10.0,-0.0,0.61,0.00,9.61
3089064,-3.6,10.0,-0.0,0.61,0.00,9.61
3089114,-3.6,10.0,-0.0,0.61,0.00,9.65
3089164,-3.6,10.0,-0.0,0.61,0.00,9.61
3089214,-3.6,10.0,-0.0,0.61,0.00,9.65
3089264,-3.6,10.0,-0.0,0.61,0.00,9.61
3089314,-3.6,10.0,-0.0,0.61,0.00,9.65
3089364,-3.6,10.0,-0.0,0.61,0.00,9.65
3089414,-3.6,10.0,-0.0,0.61,0.00,9.61
3089464,-3.6,10.0,-0.0,0.61,0.04,9.61
3089514,-3.6,10.0,-0.0,0.61,0.00,9.61
3089564,-3.6,10.0,-0.0,0.61,0.00,9.61
3089614,-3.6,10.0,-0.0,0.61,0.00,9.61
3089664,-3.6,10.0,-0.0,0.61,0.00,9.61
3089714,-3.6,10.0,-0.0,0.61,0.00,9.61
3089764,-3.6,10.0,-0.0,0.61,0.00,9.61
3089814,-3.6,10.0,-0.0,0.61,0.00,9.61
3089864,-3.6,10.0,-0.0,0.61,0.00,9.61
3089914,-3.6,10.0,-0.0,0.61,0.00,9.61
3089964,-3.6,10.0,-0.0,0.61,0.00,9.65
3090014,-3.6,10.0,-0.0,0.61,0.00,9.65
3090064,-3.6,10.0,-0.0,0.61,0.00,9.61
3090114,-3.6,10.0,-0.0,0.61,0.00,9.65
3090164,-3.6,10.0,-0.0,0.61,0.00,9.61
3090214,-3.6,10.0,-0.0,0.61,0.00,9.61
3090264,-3.6,10.0,-0.0,0.61,0.00,9.61
3090314,-3.6,10.0,-0.0,0.61,0.00,9.61
3090364,-3.6,10.0,-0.0,0.61,0.00,9.61
3090414,-3.6,10.0,-0.0,0.61,0.00,9.65
3090464,-3.6,10.0,-0.0,0.61,0.00,9.61
3090514,-3.6,10.0,-0.0,0.61,0.00,9.61
3090564,-3.6,10.0,-0.0,0.61,0.00,9.61
3090614,-3.6,10.0,-0.0,0.61,0.00,9.61
3090664,-3.6,10.0,-0.0,0.61,0.00,9.65
3090714,-3.6,10.0,-0.0,0.61,0.00,9.61
3090764,-3.6,10.0,-0.0,0.61,0.00,9.61
3090814,-3.6,10.0,-0.0,0.61,0.00,9.61
3090864,-3.6,10.0,-0.0,0.61,0.00,9.65
3090914,-3.6,10.0,-0.0,0.61,0.00,9.61
3090964,-3.6,10.0,-0.0,0.61,0.00,9.61
3091014,-3.6,10.0,-0.0,0.61,0.00,9.65
3091064,-3.6,10.0,-0.0,0.61,0.00,9.61
3091114,-3.6,10.0,-0.0,0.61,0.00,9.61
3091164,-3.6,10.0,-0.0,0.61,0.00,9.65
3091214,-3.6,10.0,-0.0,0.61,0.00,9.61
3091264,-3.6,10.0,-0.0,0.61,0.00,9.61
3091314,-3.6,10.0,-0.0,0.61,0.00,9.61
3091364,-3.6,10.0,-0.0,0.61,0.00,9.61
3091414,-3.6,10.0,-0.0,0.61,0.00,9.61
3091464,-3.6,10.0,-0.0,0.61,0.00,9.61
3091514,-3.6,10.0,-0.0,0.61,0.00,9.65
3091564,-3.6,10.0,-0.0,0.61,0.00,9.65
3091614,-3.6,10.0,-0.0,0.61,0.00,9.61
3091664,-3.6,10.0,-0.0,0.61,0.00,9.65
3091714,-3.6,10.0,-0.0,0.61,0.00,9.65
3091764,-3.6,10.0,-0.0,0.61,0.00,9.61
3091814,-3.6,10.0,-0.0,0.61,0.00,9.61
3091864,-3.6,10.0,-0.0,0.61,0.00,9.61
3091914,-3.6,10.0,-0.0,0.61,0.00,9.65
3091964,-3.6,10.0,-0.0,0.61,0.00,9.61
3092014,-3.6,10.0,-0.0,0.61,0.00,9.61
3092064,-3.6,10.0,-0.0,0.61,0.00,9.61
3092114,-3.6,10.0,-0.0,0.61,0.00,9.61
3092164,-3.6,10.0,-0.0,0.61,0.00,9.61
3092214,-3.6,10.0,-0.0,0.61,0.00,9.61
3092264,-3.6,10.0,-0.0,0.61,0.00,9.61
3092314,-3.6,10.0,-0.0,0.61,0.00,9.65
3092364,-3.6,10.0,-0.0,0.61,0.00,9.61
3092414,-3.6,10.0,-0.0,0.61,0.00,9.61
3092464,-3.6,10.0,-0.0,0.61,0.00,9.61
3092514,-3.6,10.0,-0.0,0.61,0.00,9.61
3092564,-3.6,10.0,-0.0,0.61,0.00,9.65
3092614,-3.6,10.0,-0.0,0.61,0.00,9.61
3092664,-3.6,10.0,-0.0,0.61,0.00,9.65
3092714,-3.6,10.0,-0.0,0.61,0.00,9.61
3092764,-3.6,10.0,-0.0,0.61,0.00,9.61
3092814,-3.6,10.0,-0.0,0.61,0.00,9.61
3092864,-3.6,10.0,-0.0,0.61,0.00,9.61
3092914,-3.6,10.0,-0.0,0.61,0.00,9.61
3092964,-3.6,10.0,-0.0,0.61,0.00,9.61
3093014,-3.6,10.0,-0.0,0.61,0.00,9.61
3093064,-3.6,10.0,-0.0,0.61,0.00,9.65
3093114,-3.6,10.0,-0.0,0.61,0.00,9.61
3093164,-3.6,10.0,-0.0,0.61,0.00,9.61
3093214,-3.6,10.0,-0.0,0.61,0.00,9.65
3093264,-3.6,10.0,-0.0,0.61,0.00,9.65
3093314,-3.6,10.0,-0.0,0.61,0.04,9.61
3093364,-3.6,10.0,-0.0,0.61,0.00,9.61
3093414,-3.6,10.0,-0.0,0.61,0.00,9.61
3093464,-3.6,10.0,-0.0,0.61,0.00,9.65
3093514,-3.6,10.0,0.0,0.61,0.00,9.65
3093564,-3.6,10.0,0.0,0.61,0.00,9.61
3093614,-3.6,10.0,0.0,0.61,0.00,9.61
3093664,-3.6,10.0,0.0,0.61,0.00,9.61
3093714,-3.6,10.0,0.0,0.61,0.00,9.65
3093764,-3.6,10.0,0.0,0.61,0.00,9.65
3093814,-3.6,10.0,0.0,0.61,0.00,9.61
3093864,-3.6,10.0,0.0,0.61,0.00,9.65
3093914,-3.6,10.0,0.0,0.61,0.00,9.61
3093964,-3.6,10.0,0.0,0.61,0.00,9.61
3094014,-3.6,10.0,0.0,0.61,0.00,9.65
3094064,-3.6,10.0,0.0,0.61,0.00,9.61
3094114,-3.6,10.0,0.0,0.61,0.00,9.61
3094164,-3.6,10.0,0.0,0.61,0.00,9.61
3094214,-3.6,10.0,0.0,0.65,0.00,9.61
3094264,-3.6,10.0,0.0,0.61,0.04,9.65
3094314,-3.6,9.9,-0.1,0.57,0.00,9.73
3094364,-3.6,9.9,-0.1,0.50,-0.15,9.65
3094414,-2.5,10.0,-0.5,0.54,-0.57,10.42
3094464,-2.5,10.0,-0.5,-0.38,-0.42,11.00
3094514,-1.7,9.8,-1.5,-1.07,0.11,11.00
3094564,-1.7,9.8,-1.5,-0.96,-0.04,10.00
3094614,-4.8,9.3,-2.5,-0.65,-0.34,10.61
3094664,-4.8,9.3,-2.5,-0.50,-0.84,9.73
3094714,-7.8,7.8,-2.7,-0.08,-0.61,9.39
3094764,-7.8,7.8,-2.7,0.23,-0.73,8.82
3094814,-8.8,5.3,-2.4,0.65,-0.96,8.89
3094864,-8.8,5.3,-2.4,0.65,-0.15,8.66
3094914,-9.1,3.9,-1.7,1.23,-1.30,7.51
3094964,-9.1,3.9,-1.7,2.14,-0.69,8.85
3095014,-9.3,2.9,-0.4,2.41,0.42,7.55
3095064,-9.3,2.9,-0.4,2.64,1.57,7.89
3095114,-8.5,2.7,0.0,2.61,0.80,8.62
3095164,-8.5,2.7,0.0,2.61,2.95,7.01
3095214,-8.0,2.4,-0.8,3.22,-0.88,9.54
3095264,-8.0,2.4,-0.8,2.91,0.57,8.92
3095314,-5.8,0.4,-1.3,2.91,-1.07,10.57
3095364,-5.8,0.4,-1.3,1.30,1.95,9.00
3095414,-5.2,-1.3,-2.7,2.11,0.34,10.30
3095464,-5.2,-1.3,-2.7,1.34,0.80,10.65
3095514,-7.5,-2.7,-4.3,2.30,-0.73,8.35
3095564,-7.5,-2.7,-4.3,2.18,-3.10,9.27
3095614,-7.3,-1.9,-4.1,1.53,-2.99,8.04
3095664,-7.3,-1.9,-4.1,1.27,-0.84,8.93
3095714,-5.2,0.1,-3.9,0.84,-0.30,9.12
3095764,-5.2,0.1,-3.9,1.04,-0.73,10.00
3095814,-4.1,3.4,-3.9,0.50,-1.80,8.96
3095864,-4.1,3.4,-3.9,0.57,-2.14,9.08
3095914,-2.1,4.0,-3.3,0.30,-1.19,9.46
3095964,-2.1,4.0,-3.3,0.00,-0.46,9.69
3096014,0.9,3.0,-2.2,-0.23,0.00,10.00
3096064,0.9,3.0,-2.2,-0.11,-0.15,9.89
3096114,3.4,3.0,-2.2,-0.54,-0.19,10.77
3096164,3.4,3.0,-2.2,-0.88,-0.84,9.89
3096214,5.0,3.3,-2.4,-0.84,-1.57,9.42
3096264,5.0,3.3,-2.4,-1.04,-0.69,9.77
3096314,7.0,2.8,-3.9,-1.15,-0.92,9.93
3096364,7.0,2.8,-3.9,-1.42,-0.30,10.27
3096414,8.5,3.0,-5.8,-1.61,-0.84,9.69
3096464,8.5,3.0,-5.8,-1.91,-1.00,9.77
3096514,9.9,3.0,-6.9,-2.03,-0.46,9.31
3096564,9.9,3.0,-6.9,-2.11,-0.96,9.65
3096614,11.7,3.8,-7.7,-1.95,-1.46,9.65
3096664,11.7,3.8,-7.7,-1.91,-1.53,10.07
3096714,12.7,4.0,-7.8,-2.14,-1.72,9.81
3096764,12.7,4.0,-7.8,-2.34,-1.91,10.11
3096814,13.3,3.6,-7.8,-2.38,-1.61,10.61
3096864,13.3,3.6,-7.8,-2.49,-1.84,10.27
3096914,13.2,3.5,-8.1,-2.34,-1.42,10.84
3096964,13.2,3.5,-8.1,-2.80,-2.14,10.19
3097014,12.2,3.4,-9.4,-2.45,-1.53,10.61
3097064,12.2,3.4,-9.4,-2.76,-1.61,10.41
3097114,10.4,4.4,-10.3,-2.07,-1.61,11.26
3097164,10.4,4.4,-10.3,-2.03,-2.07,11.50
3097214,6.9,6.0,-10.6,-1.76,-2.80,10.30
3097264,6.9,6.0,-10.6,-1.68,-2.22,9.81
3097314,4.3,4.8,-11.6,-1.42,-1.04,9.92
3097364,4.3,4.8,-11.6,-0.88,-2.61,9.54
3097414,3.2,4.1,-13.3,-1.00,-1.91,11.04
3097464,3.2,4.1,-13.3,-0.57,-3.18,8.84
3097514,2.3,2.7,-13.8,-0.57,-1.15,11.41
3097564,2.3,2.7,-13.8,-0.11,-2.87,8.84
3097614,0.8,2.2,-13.7,0.08,-3.95,8.20
3097664,0.8,2.2,-13.7,0.15,-4.10,9.04
3097714,0.8,-1.6,-11.2,-0.04,-2.64,8.82
3097764,0.8,-1.6,-11.2,-0.08,-1.53,9.54
3097814,2.5,-3.0,-10.2,-0.11,-2.26,10.57
3097864,2.5,-3.0,-10.2,0.08,-2.91,8.62
3097914,0.5,-3.6,-11.4,-0.19,-0.92,8.54
3097964,0.5,-3.6,-11.4,0.08,-1.34,8.46
3098014,-0.2,-4.1,-11.3,0.38,-0.88,9.54
3098064,-0.2,-4.1,-11.3,1.11,-1.84,8.43
3098114,-2.8,-5.6,-11.8,1.42,-1.53,9.12
3098164,-2.8,-5.6,-11.8,0.96,-1.57,8.70
3098214,-5.7,-6.5,-11.6,1.42,-0.96,8.31
3098264,-5.7,-6.5,-11.6,1.68,-0.88,8.20
3098314,-5.7,-6.5,-11.6,1.34,0.08,7.47
3098364,-7.3,-6.8,-9.4,1.42,-1.04,8.46
3098414,-7.0,-6.0,-6.8,1.07,-0.57,8.85
3098464,-7.0,-6.0,-6.8,0.92,-0.50,9.08
3098514,-6.6,-4.3,-3.2,0.65,-0.84,9.89
3098564,-6.6,-4.3,-3.2,0.54,-1.23,10.49
3098614,-9.0,-2.0,-1.7,0.69,-0.42,8.50
3098664,-9.0,-2.0,-1.7,0.96,-1.38,9.20
3098714,-9.0,-2.0,-1.7,1.30,-0.04,10.04
3098764,-11.3,-0.2,-0.5,1.99,-1.42,9.46
3098814,-11.3,-0.2,-0.5,1.99,-0.34,8.88
3098864,-16.9,2.0,1.9,2.61,-1.00,8.62
3098914,-16.9,2.0,1.9,2.91,-0.19,8.35
3098964,-20.1,2.4,3.6,2.87,0.04,8.58
3099014,-20.9,1.8,4.3,3.07,0.77,8.39
3099064,-20.9,1.8,4.3,3.07,0.57,8.62
3099114,-19.2,1.3,4.5,2.95,1.19,9.00
3099164,-19.2,1.3,4.5,2.95,0.96,9.12
3099214,-17.7,1.7,3.6,2.68,0.69,8.84
3099264,-17.7,1.7,3.6,2.68,0.04,8.46
3099314,-17.7,1.7,3.6,2.57,0.34,8.58
3099364,-15.3,1.9,2.2,2.45,-0.11,8.58
3099414,-15.3,1.9,2.2,2.11,0.23,9.31
3099464,-12.1,1.4,2.0,2.11,0.19,9.54
3099514,-12.1,1.4,2.0,1.80,0.23,9.46
3099564,-10.6,0.8,1.2,1.80,-0.08,8.96
3099614,-9.0,0.3,0.2,1.49,-0.11,9.43
3099664,-9.0,0.3,0.2,1.27,0.00,9.23
3099714,-7.7,0.0,-0.7,1.07,-0.19,9.50
3099764,-7.7,0.0,-0.7,1.07,-0.15,9.46
3099814,-7.0,0.1,-2.4,1.04,-0.38,9.50
3099864,-7.0,0.1,-2.4,1.04,-0.54,9.61
3099914,-7.0,0.1,-2.4,1.00,-0.73,9.50
3099964,-6.1,0.2,-3.7,0.92,-0.80,9.58
3100014,-6.1,0.2,-3.7,0.96,-0.96,9.89
3100064,-5.0,0.4,-5.0,0.80,-0.88,9.93
3100114,-5.0,0.4,-5.0,0.57,-1.23,9.43
3100164,-3.5,0.6,-6.3,0.42,-1.11,9.61
3100214,-1.8,0.7,-7.1,0.42,-0.65,10.19
3100264,-1.8,0.7,-7.1,0.46,-0.80,11.19
3100314,-0.6,1.3,-7.2,0.57,-1.07,11.53
3100364,-0.6,1.3,-7.2,0.77,-1.65,10.77
3100414,-1.4,2.0,-7.6,1.15,-1.76,10.69
3100464,-1.4,2.0,-7.6,1.34,-1.68,9.93
3100514,-3.0,2.4,-8.0,1.68,-1.27,9.80
3100564,-3.0,2.4,-8.0,1.84,-1.04,9.30
3100614,-3.0,2.4,-8.0,1.84,-0.65,9.42
3100664,-4.2,2.5,-8.1,1.95,-1.38,9.04
3100714,-4.2,2.5,-8.1,1.72,-1.15,9.81
3100764,-3.8,1.8,-7.8,1.88,-1.95,9.46
3100814,-3.8,0.5,-6.9,0.88,-1.27,8.93
3100864,-3.8,0.5,-6.9,0.54,-1.34,9.00
3100914,-3.3,-0.6,-5.7,-0.19,-1.53,10.00
3100964,-3.3,-0.6,-5.7,-0.69,-2.14,9.85
3101014,-3.9,-2.6,-5.6,-1.11,-1.72,9.38
3101064,-3.9,-2.6,-5.6,-0.96,-1.04,9.39
3101114,-3.7,-5.0,-4.6,-0.73,0.92,9.96
3101164,-3.7,-5.0,-4.6,-0.69,1.76,10.27
3101214,-3.7,-5.0,-4.6,-1.00,1.30,10.34
3101264,-3.7,-4.3,-4.1,-1.04,0.61,10.45
3101314,-3.7,-4.3,-4.1,-0.84,0.57,9.93
3101364,-4.7,-1.8,-3.6,-0.57,0.73,10.19
3101414,-4.7,-1.8,-3.6,0.00,0.19,9.46
3101464,-5.3,2.2,-2.9,0.57,-0.61,9.93
3101514,-6.2,6.7,-2.6,1.42,-1.95,9.27
3101564,-6.2,6.7,-2.6,1.53,-2.11,9.27
3101614,-6.2,6.7,-2.6,2.07,-2.80,9.00
3101664,-6.3,9.0,-2.3,2.22,-2.87,8.96
3101714,-6.0,8.6,-2.5,2.18,-2.49,9.12
3101764,-6.0,8.6,-2.5,1.88,-2.07,9.23
3101814,-6.0,8.6,-2.5,1.57,-1.53,9.50
3101864,-5.9,6.4,-3.5,1.30,-0.84,9.46
3101914,-5.9,6.4,-3.5,0.61,-0.54,9.42
3101964,-5.6,4.3,-5.1,0.46,-0.38,9.69
3102014,-5.6,4.3,-5.1,0.19,0.04,9.65
3102064,-5.1,2.3,-5.2,-0.19,1.27,9.89
3102114,-4.5,1.7,-4.9,0.04,0.84,9.23
3102164,-4.5,1.7,-4.9,0.27,-0.11,9.46
3102214,-4.5,1.7,-4.9,0.61,-1.23,10.07
3102264,-3.2,2.4,-4.8,0.73,-1.30,10.07
3102314,-3.2,2.4,-4.8,0.84,-1.65,9.77
3102364,-2.8,2.6,-4.9,0.84,-1.19,9.54
3102414,-2.8,2.6,-4.9,0.57,-0.92,9.73
3102464,-2.0,1.9,-4.0,0.30,-0.46,9.65
3102514,-2.0,1.9,-4.0,0.30,-0.80,9.73
3102564,-1.5,1.6,-3.7,0.19,-0.30,9.80
3102614,-1.5,1.6,-3.7,0.23,-0.38,9.84
3102664,-2.3,1.3,-3.4,0.46,-0.65,9.50
3102714,-2.3,1.3,-3.4,0.61,-0.34,9.96
3102764,-3.5,0.9,-1.0,0.80,-0.11,10.04
3102814,-3.5,0.9,-1.0,0.50,0.04,9.61
3102864,-3.8,0.9,0.0,0.57,0.00,9.61
3102914,-3.8,0.9,0.0,0.57,-0.08,9.65
3102964,-3.8,0.9,-0.2,0.57,0.00,9.61
3103014,-3.8,0.9,-0.2,0.57,-0.04,9.61
3103064,-3.8,0.9,-0.2,0.57,-0.04,9.61
3103114,-3.8,0.9,-0.2,0.57,-0.04,9.61
3103164,-3.8,0.9,-0.2,0.57,-0.04,9.61
3103214,-3.8,0.9,-0.2,0.57,-0.04,9.61
3103264,-3.7,0.9,-0.2,0.57,-0.04,9.61
3103314,-3.7,0.9,-0.2,0.57,-0.04,9.65
3103364,-3.7,0.9,-0.2,0.57,0.00,9.61
3103414,-3.7,0.9,-0.2,0.57,-0.04,9.65
3103464,-3.7,0.9,-0.2,0.57,-0.04,9.61
3103514,-3.7,0.9,-0.2,0.57,-0.04,9.61
3103564,-3.7,0.9,-0.2,0.57,-0.04,9.61
3103614,-3.7,0.9,-0.2,0.57,-0.04,9.65
3103664,-3.6,0.9,-0.2,0.57,-0.04,9.61
3103714,-3.6,0.9,-0.2,0.57,-0.04,9.65
3103764,-3.6,0.9,-0.2,0.57,-0.04,9.61
3103814,-3.6,0.9,-0.2,0.57,-0.04,9.61
3103864,-3.6,0.9,-0.2,0.57,-0.04,9.65
3103914,-3.6,0.9,-0.2,0.57,0.00,9.61
3103964,-3.6,0.9,-0.2,0.57,0.00,9.61
3104014,-3.6,0.9,-0.2,0.57,-0.04,9.61
3104064,-3.6,0.9,-0.2,0.57,-0.04,9.65
3104114,-3.6,0.9,-0.2,0.57,-0.04,9.61
3104164,-3.6,0.9,-0.2,0.57,-0.04,9.65
3104214,-3.6,0.9,-0.2,0.57,-0.04,9.61
3104264,-3.5,0.9,-0.2,0.57,-0.04,9.65
3104314,-3.5,0.9,-0.2,0.57,-0.04,9.65
3104364,-3.5,0.9,-0.2,0.57,-0.04,9.61
3104414,-3.5,0.9,-0.2,0.57,-0.04,9.65
3104464,-3.5,0.9,-0.2,0.57,-0.04,9.65
3104514,-3.5,0.9,-0.2,0.57,-0.04,9.61
3104564,-3.5,0.9,-0.2,0.57,-0.04,9.65
3104614,-3.5,0.9,-0.2,0.57,-0.04,9.65
3104664,-3.5,0.9,-0.2,0.57,-0.04,9.61
3104714,-3.5,0.9,-0.2,0.57,0.00,9.65
3104764,-3.5,0.9,-0.2,0.57,-0.04,9.65
3104814,-3.5,0.9,-0.2,0.57,-0.04,9.65
3104864,-3.5,0.9,-0.2,0.57,-0.04,9.61
3104914,-3.5,0.9,-0.2,0.57,-0.04,9.65
3104964,-3.5,0.9,-0.2,0.57,-0.04,9.61
3105014,-3.5,0.9,-0.2,0.57,-0.04,9.61
3105064,-3.5,0.9,-0.2,0.57,-0.04,9.61
3105114,-3.5,0.9,-0.2,0.57,-0.04,9.65
3105164,-3.5,0.9,-0.2,0.57,-0.04,9.61
3105214,-3.5,0.9,-0.2,0.57,-0.04,9.65
3105264,-3.5,0.9,-0.2,0.57,0.00,9.61
3105314,-3.5,0.9,-0.2,0.57,-0.04,9.61
3105364,-3.5,0.9,-0.2,0.57,-0.04,9.61
3105414,-3.5,0.9,-0.2,0.57,-0.04,9.65
3105464,-3.5,0.9,-0.2,0.57,-0.04,9.61
3105514,-3.5,0.9,-0.2,0.57,0.00,9.65
3105564,-3.5,0.9,-0.2,0.57,-0.04,9.65
3105614,-3.5,0.9,-0.2,0.57,-0.04,9.61
3105664,-3.4,0.9,-0.2,0.57,-0.04,9.61
3105714,-3.4,0.9,-0.2,0.57,-0.04,9.65
3105764,-3.4,0.9,-0.2,0.57,-0.04,9.61
3105814,-3.4,0.9,-0.2,0.57,-0.04,9.61
3105864,-3.4,0.9,-0.2,0.57,-0.04,9.61
3105914,-3.4,0.9,-0.2,0.57,-0.04,9.61
3105964,-3.4,0.9,-0.2,0.57,0.00,9.61
3106014,-3.4,0.9,-0.2,0.57,-0.04,9.65
3106064,-3.4,0.9,-0.2,0.57,-0.04,9.65
3106114,-3.4,0.9,-0.2,0.57,-0.04,9.61
3106164,-3.4,0.9,-0.2,0.57,-0.04,9.61
3106214,-3.4,0.9,-0.2,0.57,-0.04,9.65
3106264,-3.4,0.9,-0.2,0.57,-0.04,9.65
3106314,-3.4,0.9,-0.2,0.57,-0.04,9.61
3106364,-3.4,0.9,-0.2,0.57,-0.04,9.61
3106414,-3.4,0.9,-0.2,0.57,-0.04,9.61
3106464,-3.4,0.9,-0.2,0.57,-0.04,9.61
3106514,-3.4,0.9,-0.2,0.57,-0.04,9.61
3106564,-3.4,0.9,-0.2,0.57,-0.04,9.61
3106614,-3.4,0.9,-0.2,0.57,-0.04,9.61
3106664,-3.4,0.9,-0.2,0.57,-0.04,9.61
3106714,-3.4,0.9,-0.2,0.57,-0.04,9.65
3106764,-3.4,0.9,-0.2,0.57,-0.04,9.61
3106814,-3.4,0.9,-0.2,0.57,-0.04,9.61
3106864,-3.4,0.9,-0.2,0.57,-0.04,9.65
3106914,-3.4,0.9,-0.2,0.57,0.00,9.61
3106964,-3.4,0.9,-0.2,0.57,-0.04,9.65
3107014,-3.4,0.9,-0.2,0.57,-0.04,9.61
3107064,-3.4,0.9,-0.2,0.57,-0.04,9.61
3107114,-3.4,0.9,-0.2,0.57,-0.04,9.61
3107164,-3.4,0.9,-0.2,0.57,-0.04,9.61
3107214,-3.4,0.9,-0.2,0.57,-0.04,9.65
3107264,-3.4,0.9,-0.2,0.57,-0.04,9.61
3107314,-3.4,0.9,-0.2,0.57,-0.04,9.61
3107364,-3.4,0.9,-0.2,0.57,-0.04,9.65
3107414,-3.4,0.9,-0.2,0.57,-0.04,9.61
3107464,-3.4,0.9,-0.2,0.57,-0.04,9.65
3107514,-3.4,0.9,-0.2,0.57,-0.04,9.61
3107564,-3.4,0.9,-0.2,0.57,-0.04,9.61
3107614,-3.4,0.9,-0.2,0.57,-0.04,9.61
3107664,-3.4,0.9,-0.2,0.57,-0.04,9.61
3107714,-3.4,0.9,-0.2,0.57,-0.04,9.61
3107764,-3.4,0.9,-0.2,0.57,-0.04,9.61
3107814,-3.4,0.9,-0.2,0.57,-0.04,9.65
3107864,-3.4,0.9,-0.2,0.57,-0.04,9.61
3107914,-3.4,0.9,-0.2,0.57,-0.04,9.61
3107964,-3.4,0.9,-0.2,0.57,-0.04,9.61
3108014,-3.4,0.9,-0.2,0.57,-0.04,9.61
3108064,-3.4,0.9,-0.2,0.57,-0.04,9.65
3108114,-3.4,0.9,-0.2,0.57,-0.04,9.61
3108164,-3.4,0.9,-0.2,0.57,-0.04,9.61
3108214,-3.4,0.9,-0.2,0.57,-0.04,9.65
3108264,-3.4,0.9,-0.2,0.57,-0.04,9.61
3108314,-3.4,0.9,-0.2,0.57,-0.04,9.65
3108364,-3.4,0.9,-0.2,0.57,-0.04,9.65
3108414,-3.4,0.9,-0.2,0.57,-0.04,9.61
3108464,-3.4,0.9,-0.2,0.57,-0.04,9.61
3108514,-3.4,0.9,-0.2,0.57,-0.04,9.65
3108564,-3.4,0.9,-0.2,0.57,-0.04,9.61
3108614,-3.4,0.9,-0.2,0.57,-0.04,9.65
3108664,-3.4,0.9,-0.2,0.57,-0.04,9.61
3108714,-3.4,0.9,-0.2,0.57,-0.04,9.65
3108764,-3.4,0.9,-0.2,0.57,-0.04,9.61
3108814,-3.4,0.9,-0.2,0.57,-0.04,9.65
3108864,-3.4,0.9,-0.2,0.57,-0.04,9.61
3108914,-3.4,0.9,-0.2,0.57,-0.04,9.65
3108964,-3.4,0.9,-0.2,0.57,-0.04,9.61
3109014,-3.4,0.9,-0.2,0.57,-0.04,9.61
3109064,-3.4,0.9,-0.2,0.57,-0.04,9.61
3109114,-3.4,0.9,-0.2,0.57,-0.04,9.61
3109164,-3.4,0.9,-0.2,0.57,-0.04,9.61
3109214,-3.4,0.9,-0.2,0.57,-0.04,9.65
3109264,-3.4,0.9,-0.2,0.57,-0.04,9.61
3109314,-3.4,0.9,-0.2,0.57,-0.04,9.65
3109364,-3.4,0.9,-0.2,0.57,-0.04,9.61
3109414,-3.4,0.9,-0.2,0.57,-0.04,9.65
3109464,-3.4,0.9,-0.2,0.57,-0.04,9.61
3109514,-3.4,0.9,-0.2,0.57,-0.04,9.65
3109564,-3.4,0.9,-0.2,0.57,-0.04,9.61
3109614,-3.4,0.9,-0.2,0.57,-0.04,9.61
3109664,-3.4,0.9,-0.2,0.57,-0.04,9.61
3109714,-3.4,0.9,-0.2,0.57,-0.04,9.61
3109764,-3.4,0.9,-0.2,0.57,-0.04,9.65
3109814,-3.4,0.9,-0.2,0.57,-0.04,9.65
3109864,-3.4,0.9,-0.2,0.57,-0.04,9.61
3109914,-3.4,0.9,-0.2,0.57,-0.04,9.65
3109964,-3.4,0.9,-0.2,0.57,-0.04,9.61
3110014,-3.4,0.9,-0.2,0.57,-0.04,9.65
3110064,-3.4,0.9,-0.2,0.57,-0.04,9.61
3110114,-3.4,0.9,-0.2,0.57,-0.04,9.65
3110164,-3.4,0.9,-0.2,0.57,-0.04,9.61
3110214,-3.4,0.9,-0.2,0.57,-0.04,9.61
3110264,-3.4,0.9,-0.2,0.57,-0.04,9.61
3110314,-3.4,0.9,-0.2,0.57,-0.04,9.61
3110364,-3.4,0.9,-0.2,0.57,-0.04,9.61
3110414,-3.4,0.9,-0.2,0.57,-0.04,9.61
3110464,-3.4,0.9,-0.2,0.57,-0.04,9.61
3110514,-3.4,0.9,-0.2,0.57,-0.04,9.61
3110564,-3.4,0.9,-0.2,0.57,-0.04,9.61
3110614,-3.4,0.9,-0.2,0.57,-0.04,9.61
3110664,-3.4,0.9,-0.2,0.57,-0.04,9.61
3110714,-3.4,0.9,-0.2,0.57,0.00,9.61
3110764,-3.4,0.9,-0.2,0.57,-0.04,9.61
3110814,-3.4,0.9,-0.2,0.57,-0.04,9.65
3110864,-3.4,0.9,-0.2,0.57,-0.04,9.61
3110914,-3.4,0.9,-0.2,0.57,-0.04,9.61
3110964,-3.4,0.9,-0.2,0.57,-0.04,9.61
3111014,-3.4,0.9,-0.2,0.57,-0.04,9.65
3111064,-3.4,0.9,-0.2,0.57,-0.04,9.65
3111114,-3.4,0.9,-0.2,0.57,-0.04,9.61
3111164,-3.4,0.9,-0.2,0.57,-0.04,9.61
3111214,-3.4,0.9,-0.2,0.57,-0.04,9.61
3111264,-3.4,0.9,-0.2,0.57,-0.04,9.61
3111314,-3.4,0.9,-0.2,0.57,-0.04,9.65
3111364,-3.4,0.9,-0.2,0.57,-0.04,9.61
3111414,-3.4,0.9,-0.2,0.57,-0.04,9.65
3111464,-3.4,0.9,-0.2,0.57,-0.04,9.61
3111514,-3.4,0.9,-0.2,0.57,-0.04,9.65
3111564,-3.4,0.9,-0.2,0.57,-0.04,9.65
3111614,-3.4,0.9,-0.2,0.57,-0.04,9.65
3111664,-3.4,0.9,-0.2,0.57,-0.04,9.61
3111714,-3.4,0.9,-0.2,0.57,-0.04,9.65
3111764,-3.4,0.9,-0.2,0.57,0.00,9.61
3111814,-3.4,0.9,-0.2,0.57,-0.04,9.65
3111864,-3.4,1.0,-0.2,0.57,-0.04,9.61
3111914,-3.4,1.0,-0.2,0.57,-0.04,9.61
3111964,-3.4,1.0,-0.2,0.57,-0.04,9.65
3112014,-3.4,1.0,-0.2,0.57,-0.04,9.61
3112064,-3.4,1.0,-0.2,0.57,-0.04,9.61
3112114,-3.4,1.0,-0.2,0.57,-0.04,9.65
3112164,-3.4,1.0,-0.2,0.57,-0.04,9.61
3112214,-3.4,1.0,-0.2,0.57,-0.04,9.65
3112264,-3.4,1.0,-0.2,0.57,-0.04,9.61
3112314,-3.4,1.0,-0.2,0.57,0.00,9.61
3112364,-3.4,1.0,-0.2,0.57,-0.04,9.61
3112414,-3.4,1.0,-0.2,0.57,-0.04,9.65
3112464,-3.4,1.0,-0.2,0.57,-0.04,9.65
3112514,-3.4,1.0,-0.2,0.57,-0.04,9.65
3112564,-3.4,1.0,-0.2,0.57,-0.04,9.61
3112614,-3.4,1.0,-0.2,0.57,-0.04,9.61
3112664,-3.4,1.0,-0.2,0.57,-0.04,9.61
3112714,-3.4,1.0,-0.2,0.57,-0.04,9.65
3112764,-3.4,1.0,-0.2,0.57,-0.04,9.61
3112814,-3.4,1.0,-0.2,0.57,-0.04,9.65
3112864,-3.4,1.0,-0.2,0.57,-0.04,9.61
3112914,-3.4,1.0,-0.2,0.57,-0.04,9.61
3112964,-3.4,1.0,-0.2,0.57,-0.04,9.61
3113014,-3.4,1.0,-0.2,0.57,-0.04,9.65
3113064,-3.4,1.0,-0.2,0.57,-0.04,9.61
3113114,-3.4,1.0,-0.2,0.57,-0.04,9.65
3113164,-3.4,1.0,-0.2,0.57,0.00,9.61
3113214,-3.4,1.0,-0.2,0.57,-0.04,9.61
3113264,-3.4,1.0,-0.2,0.57,-0.04,9.61
3113314,-3.4,1.0,-0.2,0.57,-0.04,9.65
3113364,-3.4,1.0,-0.2,0.57,-0.04,9.65
3113414,-3.4,1.0,-0.2,0.57,-0.04,9.61
3113464,-3.4,1.0,-0.2,0.57,-0.04,9.65
3113514,-3.4,1.0,-0.2,0.57,-0.04,9.65
3113564,-3.4,1.0,-0.2,0.57,-0.04,9.61
3113614,-3.4,1.0,-0.2,0.57,-0.04,9.65
3113664,-3.4,1.0,-0.2,0.57,-0.04,9.61
3113714,-3.4,1.0,-0.2,0.57,-0.04,9.65
3113764,-3.4,1.0,-0.2,0.61,-0.04,9.61
3113814,-3.4,1.0,-0.2,0.57,-0.04,9.61
3113864,-3.4,1.0,-0.2,0.57,0.00,9.61
3113914,-3.4,1.0,-0.2,0.57,-0.04,9.65
3113964,-3.4,1.0,-0.2,0.57,-0.04,9.61
3114014,-3.4,1.0,-0.2,0.57,-0.04,9.61
3114064,-3.4,1.0,-0.2,0.57,-0.04,9.65
3114114,-3.4,1.0,-0.2,0.57,-0.04,9.65
3114164,-3.4,1.0,-0.2,0.57,-0.04,9.61
3114214,-3.4,1.0,-0.2,0.57,-0.04,9.61
3114264,-3.4,1.0,-0.2,0.57,-0.04,9.65
3114314,-3.4,1.0,-0.2,0.57,-0.04,9.61
3114364,-3.4,1.0,-0.2,0.57,-0.04,9.61
3114414,-3.4,1.0,-0.2,0.57,-0.04,9.61
3114464,-3.4,1.0,-0.2,0.57,-0.04,9.61
3114514,-3.4,1.0,-0.2,0.57,-0.04,9.65
3114564,-3.4,1.0,-0.2,0.57,-0.04,9.65
3114614,-3.4,1.0,-0.2,0.57,-0.04,9.65
3114664,-3.4,1.0,-0.2,0.57,-0.04,9.61
3114714,-3.4,1.0,-0.2,0.57,-0.04,9.61
3114764,-3.4,1.0,-0.2,0.57,-0.04,9.61
3114814,-3.4,1.0,-0.2,0.57,-0.04,9.65
3114864,-3.4,1.0,-0.2,0.57,-0.04,9.65
3114914,-3.4,1.0,-0.2,0.57,-0.04,9.65
3114964,-3.4,1.0,-0.2,0.57,-0.04,9.61
3115014,-3.4,1.0,-0.2,0.57,-0.04,9.61
3115064,-3.4,1.0,-0.2,0.57,-0.04,9.61
3115114,-3.4,1.0,-0.2,0.57,-0.04,9.61
3115164,-3.4,1.0,-0.2,0.57,-0.04,9.61
3115214,-3.4,1.0,-0.2,0.57,-0.04,9.65
3115264,-3.4,1.0,-0.2,0.57,-0.04,9.61
3115314,-3.4,1.0,-0.2,0.57,-0.04,9.61
3115364,-3.4,1.0,-0.2,0.57,-0.04,9.61
3115414,-3.4,1.0,-0.2,0.57,-0.04,9.65
3115464,-3.4,1.0,-0.2,0.57,-0.04,9.61
3115514,-3.4,1.0,-0.2,0.57,-0.04,9.61
3115564,-3.4,1.0,-0.2,0.57,-0.04,9.61
3115614,-3.4,1.0,-0.2,0.57,-0.04,9.61
3115664,-3.4,1.0,-0.2,0.57,-0.04,9.65
3115714,-3.4,1.0,-0.2,0.57,-0.04,9.65
3115764,-3.4,1.0,-0.2,0.57,-0.04,9.61
3115814,-3.4,1.0,-0.2,0.57,-0.04,9.65
3115864,-3.4,1.0,-0.2,0.57,-0.04,9.61
3115914,-3.4,1.0,-0.2,0.57,-0.04,9.65
3115964,-3.4,1.0,-0.2,0.57,-0.04,9.65
3116014,-3.4,1.0,-0.2,0.57,-0.04,9.61
